#,PLAYER,GP,MIN,PTS,FGM,FGA,FG%,3PM,3PA,3P%,FTM,FTA,FT%,OREB,DREB,REB,AST,STL,BLK,TOV,EF
1,Joel Embiid,56,33.4,29.9,9.4,19.3,48.9,1.4,3.7,36.5,9.8,11.9,82.1,2.1,9.3,11.4,4.4,1,1.4,3,33.2
2,Giannis Antetokounmpo,59,32.9,29.8,10.2,18.6,54.7,1.1,3.7,30,8.3,11.6,72.1,2,9.5,11.5,5.8,1.1,1.4,3.2,34.8
3,LeBron James,51,36.9,29.5,11.1,21.3,52,2.8,8,35.7,4.5,6,76,1.1,7,8.1,6.2,1.4,1.1,3.5,31.1
4,Luka Doncic,53,35.7,28.2,9.9,21.8,45.5,2.9,8.5,34.1,5.5,7.4,74.4,0.9,8.4,9.3,8.6,1.2,0.6,4.5,29.6
5,Trae Young,64,34.9,28,9.3,20.4,45.6,3,7.8,38,6.5,7.2,90,0.6,3.2,3.8,9.5,1,0.1,4,26.7
6,DeMar DeRozan,65,36.1,27.9,10.2,20.2,50.4,0.6,1.8,35.6,6.9,7.9,87.1,0.8,4.6,5.4,5.2,0.9,0.3,2.4,26.3
7,Ja Morant,55,33.3,27.5,10.2,20.7,49.3,1.6,4.6,34.1,5.5,7.3,76.2,1.3,4.4,5.8,6.7,1.2,0.4,3.4,26
8,Jayson Tatum,66,36.4,26.7,9.2,21,43.9,2.9,8.6,33.7,5.4,6.3,85.4,1.2,7.1,8.3,4.2,1,0.7,2.8,25.3
9,Nikola Jokic,63,33,26,9.9,17.2,57.4,1.5,4.1,35.4,4.8,6,80.8,2.7,11,13.8,8.1,1.4,0.8,3.7,37.8
10,Devin Booker,59,34.3,25.8,9.5,20.7,45.6,2.7,7.3,37.6,4.2,4.8,86.6,0.7,4.4,5.1,4.9,1.2,0.4,2.4,23.1
11,Donovan Mitchell,57,33.6,25.7,9.2,20.5,45.1,3.5,9.9,35.9,3.7,4.4,84.1,0.8,3.3,4.1,5.5,1.5,0.2,3,22.1
12,Stephen Curry,64,34.5,25.5,8.4,19.1,43.7,4.5,11.7,38,4.3,4.7,92.3,0.5,4.7,5.2,6.3,1.3,0.4,3.2,24.4
13,Karl-Anthony Towns,64,33.5,24.9,8.8,16.5,52.9,2,5,40.8,5.4,6.5,82.5,2.6,7.2,9.9,3.7,1,1.2,3.1,28.5
14,Zach LaVine,56,34.8,24.8,8.8,18.1,48.2,2.9,7.2,39.6,4.4,5.1,86.1,0.3,4.5,4.8,4.5,0.6,0.4,2.7,22.3
15,Shai Gilgeous-Alexander,54,34.7,24.3,8.4,18.7,45,1.6,5.4,29.1,5.9,7.3,81,0.7,4.3,5,5.9,1.3,0.8,2.8,22.9
16,De'Aaron Fox,59,35.3,23.2,8.7,18.5,47.3,1.3,4.2,29.7,4.4,5.9,75,0.4,3.5,3.9,5.6,1.2,0.4,2.8,20.2
17,Jaylen Brown,55,33.8,22.9,8.4,18.4,45.7,2.5,7.3,33.8,3.7,4.8,76.1,0.8,5.3,6.2,3.4,1,0.3,2.8,19.9
18,Brandon Ingram,50,34.2,22.8,8.4,18.2,46.2,1.4,4.3,33.5,4.5,5.5,81.6,0.7,5,5.7,5.5,0.6,0.5,2.7,21.6
19,James Harden,53,37.1,22.5,6.5,15.6,41.6,2.3,6.9,33.8,7.2,8.3,87.2,0.9,6.9,7.8,10.2,1.3,0.6,4.5,27.7
20,CJ McCollum,49,35.2,22.1,8.7,18.9,46.2,3.1,7.9,38.9,1.6,2.4,69,1,3.6,4.6,5.1,1,0.4,2.1,20.4
21,Pascal Siakam,56,37.6,22,8.4,17.3,48.6,1.1,3.1,35.8,4.1,5.4,74.4,2,6.4,8.4,5.1,1.3,0.6,2.7,24.4
22,Darius Garland,55,35.2,21.2,7.9,16.8,46.8,2.6,6.8,37.7,2.9,3.1,91.3,0.6,2.8,3.4,8.3,1.2,0.1,3.9,21.1
23,Fred VanVleet,56,38.1,21.1,7,17.1,41.1,3.9,10,39,3.1,3.6,87,0.7,3.9,4.6,6.7,1.6,0.5,2.7,21.2
24,Anthony Edwards,61,34.3,21,7.5,17.4,43.1,3,8.5,35.1,3.1,4,77.6,0.9,3.8,4.7,3.7,1.5,0.7,2.7,18.2
25,Tyler Herro,57,32.8,21,7.7,17.4,44.3,2.7,6.8,39.3,3,3.4,86.7,0.5,4.3,4.8,3.8,0.7,0.1,2.6,17.7
26,Dejounte Murray,61,34.7,20.9,8.5,18.2,46.4,1.3,4.1,31.6,2.7,3.4,78.6,1.2,7.1,8.4,9.4,2.1,0.3,2.6,28
27,Khris Middleton,58,32.5,20.5,6.9,15.5,44.7,2.5,6.5,38,4.1,4.6,89.2,0.6,4.7,5.3,5.4,1.1,0.3,2.9,20.7
28,Julius Randle,67,35.5,20.4,7.2,17.3,41.8,1.7,5.3,31.3,4.3,5.6,77,1.7,8.1,9.9,5.2,0.8,0.6,3.4,22
29,Miles Bridges,68,36,20,7.4,15.3,48.5,1.9,5.8,32,3.3,4.1,80.5,1.1,5.9,7,3.8,1,0.9,1.9,22.1
30,LaMelo Ball,63,32.1,19.7,7,16.6,42,2.7,7.2,37.1,3,3.5,86.9,1.5,5.3,6.9,7.4,1.5,0.4,3.2,22.6
31,Terry Rozier,61,34,19.7,7.2,16.3,44.3,3.1,8.3,37.8,2.1,2.6,84,0.8,3.6,4.3,4.4,1.3,0.3,1.3,19.3
32,RJ Barrett,58,34.1,19.5,6.8,16.5,41.5,2,5.7,35.1,3.8,5.4,71.1,0.8,4.9,5.7,2.9,0.6,0.3,2.1,15.7
33,Domantas Sabonis,60,34.5,18.7,7.1,12.4,57.2,0.6,2.1,30.1,3.9,5.3,74.1,3.2,8.8,12,5.2,0.9,0.4,3.2,27.5
34,D'Angelo Russell,56,32.2,18.6,6.4,15.3,41.4,2.9,8.2,34.7,3,3.7,82.4,0.4,3,3.4,7.1,1,0.4,2.6,18.3
35,Jrue Holiday,57,33.3,18.5,7.2,14.4,50.2,2,4.7,41.6,2.1,2.7,76.3,1.1,3.5,4.6,6.7,1.6,0.5,2.8,21.2
36,Gary Trent Jr.,60,34.7,18.1,6.4,15.5,41,3,8,37.7,2.4,2.9,83.8,0.4,2.4,2.8,2,1.8,0.3,1,14.4
37,Bojan Bogdanovic,64,30.9,18.1,6.2,13.4,45.8,2.7,6.8,39.2,3.1,3.6,87,0.9,3.4,4.3,1.7,0.4,0,1.7,15.1
38,Nikola Vucevic,61,33.6,18,7.6,16.1,47.4,1.4,4.7,30.4,1.2,1.6,76,1.9,9.5,11.5,3.4,1,1.1,1.9,24
39,Russell Westbrook,68,34.3,17.9,6.8,15.7,43.2,0.9,3.3,27.7,3.5,5.2,67,1.4,6,7.4,7,1,0.3,3.8,19.2
40,Jonas Valanciunas,63,30.7,17.9,6.9,12.9,53.6,0.8,2.3,36.1,3.2,3.9,82.2,3.1,8.3,11.4,2.5,0.5,0.9,2.4,24
41,Tobias Harris,59,35.4,17.9,7,14.5,48,1.3,3.6,36,2.7,3.2,84.9,1.1,5.9,7,3.4,0.6,0.6,1.6,19.9
42,Desmond Bane,66,30,17.9,6.6,14.5,45.4,2.9,7,41.8,1.8,2,89.3,0.6,3.9,4.5,2.6,1.1,0.4,1.5,16.9
43,Christian Wood,62,31,17.7,6.4,13.1,49.1,1.8,4.9,37.6,3,5,61.2,1.8,8.4,10.1,2.2,0.8,1,1.8,21.4
44,Tyrese Maxey,61,35.8,17.4,6.4,13.3,48.3,1.6,3.8,41.2,2.9,3.4,86.1,0.3,3.1,3.4,4.3,0.7,0.4,1.1,17.8
45,Anfernee Simons,57,29.5,17.3,6.2,14,44.3,3.1,7.8,40.5,1.8,2,88.8,0.5,2.2,2.6,3.9,0.5,0.1,2,14.5
46,Andrew Wiggins,62,31.8,17.3,6.6,14,47,2.2,5.5,40.1,1.9,3,63,1.1,3.3,4.4,2.3,1.1,0.8,1.5,15.8
47,Luguentz Dort,51,32.6,17.2,5.7,14.2,40.4,2.5,7.7,33.2,3.2,3.7,84.3,0.7,3.4,4.2,1.7,0.9,0.4,1.7,13.5
48,Cole Anthony,57,32.6,17.2,5.8,14.7,39.4,2.1,6.3,34,3.5,4.1,85.7,0.5,5.1,5.6,5.7,0.8,0.3,2.7,17.3
49,Reggie Jackson,67,31.3,17.1,6.5,16.4,39.6,2.3,7,33.5,1.9,2.2,83.2,0.6,3.2,3.7,4.9,0.7,0.2,2.3,14.1
50,Jordan Poole,64,29,17.1,5.9,12.9,45.6,2.5,7,36.1,2.9,3.1,91.5,0.4,2.7,3.1,3.6,0.9,0.3,2.3,15.5
51,Kyle Kuzma,65,33.4,17.1,6.4,14.1,45.4,1.9,5.6,33.9,2.4,3.3,71.6,1.1,7.5,8.6,3.4,0.6,0.9,2.5,19.4
52,Harrison Barnes,66,33.9,17,5.2,10.9,47.3,1.9,4.7,41.4,4.8,5.7,83.3,1.1,4.7,5.8,2.5,0.7,0.2,1.6,18
53,Deandre Ayton,49,29.4,17,7.6,11.8,64.3,0.1,0.3,33.3,1.8,2.4,73.1,2.5,7.4,9.9,1.4,0.7,0.7,1.5,23.4
54,Cade Cunningham,54,32.5,16.9,6.5,16,40.5,1.9,6,32.1,2.1,2.4,85.4,0.9,4.9,5.9,5.3,1.1,0.6,3.5,16.5
55,Jaren Jackson Jr.,69,27.5,16.4,5.6,13.4,41.7,1.6,5.1,31.4,3.6,4.5,80.8,1.6,4.3,5.9,1,1,2.2,1.6,16.3
56,Keldon Johnson,64,31.7,16.4,6.1,13.1,46.8,2,4.9,41.1,2.1,2.9,74.5,1.1,5,6.1,1.9,0.7,0.1,1.2,16.3
57,Saddiq Bey,70,33.8,16.3,5.6,14,39.8,2.6,7.5,35.1,2.6,3.1,81.8,1.4,4.4,5.8,2.9,0.8,0.2,1.3,15.8
58,John Collins,54,30.8,16.2,6.3,11.9,52.6,1.2,3.3,36.4,2.5,3.1,79.3,1.7,6.1,7.8,1.8,0.6,1,1.1,20.1
59,Jarrett Allen,56,32.3,16.1,6.6,9.7,67.7,0,0.2,10,2.9,4.2,70.8,3.4,7.3,10.8,1.6,0.8,1.3,1.7,24.6
60,Jalen Brunson,66,32.2,16,6.4,12.8,50.1,1.2,3.1,38,2,2.5,82.2,0.5,3.2,3.8,5.2,0.9,0,1.7,17.3
61,Jordan Clarkson,66,26.4,16,5.8,14,41.7,2.4,7.7,31.8,1.8,2.2,84.5,0.8,2.5,3.3,2.2,0.8,0.2,1.6,12.4
62,Kelly Oubre Jr.,64,27.6,15.8,5.7,13.1,43.7,2.7,7.7,34.4,1.7,2.6,66.5,1.1,2.9,4,1.2,1.1,0.4,1,13.3
63,Jalen Green,54,31.1,15.8,5.5,13.3,41.5,2.1,6.4,32.6,2.6,3.3,79.9,0.5,2.6,3.1,2.6,0.7,0.2,2.1,11.9
64,Rudy Gobert,54,32,15.4,5.5,7.8,71.1,0,0,0,4.4,6.4,69,3.6,11.2,14.8,1.1,0.7,2.2,1.8,28.3
65,Franz Wagner,71,31.6,15.4,5.9,12.5,46.7,1.3,3.5,36.5,2.4,2.8,85,1.1,3.6,4.6,2.9,0.9,0.4,1.6,15.6
66,Buddy Hield,69,30.5,15.4,5.4,13.3,40.3,3.2,8.9,36.3,1.4,1.6,87.5,0.8,3.6,4.3,2.6,0.9,0.3,1.8,13.5
67,Bobby Portis,61,28.9,15.3,6,12.3,48.4,2,4.9,40.5,1.3,1.8,75.2,2.5,6.6,9.1,1.2,0.8,0.8,1.3,19
67,Scottie Barnes,61,35.6,15.3,6.2,12.6,49,0.8,2.5,31.6,2.1,2.9,73.2,2.6,5,7.6,3.3,1.2,0.8,1.9,19
69,Seth Curry,56,34.1,15.2,5.8,11.9,48.5,2.4,5.8,41.2,1.3,1.5,86.9,0.3,3,3.3,3.9,0.8,0.2,1.8,15.3
70,Tyrese Haliburton,65,35.1,15.2,5.5,11.9,46.7,2.2,5.2,41.6,1.9,2.3,83.3,0.7,3.3,4,7.9,1.8,0.6,2.6,20.1
71,Evan Mobley,61,34.2,15.1,6.1,12.1,50.5,0.4,1.4,25.9,2.5,3.7,67.7,2,6.3,8.3,2.6,0.8,1.7,2,19.3
72,Jusuf Nurkic,56,28.2,15,5.7,10.7,53.5,0.3,1,26.8,3.3,4.8,69,3,8.1,11.1,2.8,1.1,0.6,2.6,21.6
73,Chris Paul,58,33,14.9,5.6,11.5,48.7,1,3.1,33,2.7,3.2,84.3,0.3,4.2,4.5,10.7,1.9,0.3,2.4,23.5
74,Will Barton,60,31.7,14.8,5.6,12.7,43.9,2.2,6,35.7,1.5,1.9,79.5,0.6,4.2,4.8,3.8,0.8,0.5,1.8,15.5
75,Wendell Carter Jr.,59,29.8,14.7,5.6,10.9,51.8,1.1,3.4,33,2.3,3.2,70.9,2.2,8.1,10.4,2.8,0.6,0.7,1.8,21.1
76,Josh Hart,52,33.1,14.5,5.1,10.3,49.6,1.3,3.8,33.5,3,3.9,75.6,1.2,6.1,7.3,4.1,1.1,0.3,2.1,19
77,Evan Fournier,67,29.7,14.4,5.2,12.2,42.5,3,7.6,39.5,1,1.5,70.7,0.5,2.3,2.7,1.9,0.9,0.3,1.3,11.5
78,Aaron Gordon,64,31.3,14.3,5.5,10.8,50.9,1.1,3.5,31.5,2.2,3,73.8,1.6,4,5.6,2.5,0.6,0.6,1.7,15.8
79,Mikal Bridges,70,35.1,14,5.5,10.4,53.1,1.4,3.9,37.3,1.5,1.7,84.4,1,3.3,4.3,2.3,1.2,0.4,0.8,16.3
80,Bogdan Bogdanovic,51,29.5,13.9,5.1,12,42.3,2.5,7.1,34.7,1.3,1.5,84.4,0.4,3.6,4,3.2,1,0.3,1.1,14.1
81,Montrezl Harrell,60,24.2,13.9,5.3,8.3,64.2,0.1,0.3,23.5,3.2,4.5,71.6,2.2,4.4,6.6,2,0.4,0.6,1.1,18.2
82,Dennis Schroder,58,29.2,13.8,5,11.7,43,1.3,4,33.8,2.4,2.9,84.4,0.6,2.8,3.4,4.7,0.8,0.1,2.2,13.5
83,Spencer Dinwiddie,56,30.4,13.8,4.6,11.4,40.4,1.7,5.1,33.5,2.9,3.7,78.6,0.7,3.6,4.3,5.5,0.7,0.2,1.6,15.3
84,Eric Gordon,54,29.6,13.8,4.8,10.1,47.4,2.2,5.4,40.8,1.9,2.5,77.8,0.3,1.7,2,2.8,0.5,0.3,1.9,11.6
85,Carmelo Anthony,61,26.6,13.7,4.7,10.6,44.3,2.3,5.9,38.6,2.1,2.5,82.9,0.9,3.2,4.2,1,0.7,0.8,0.9,13.2
85,Kevin Love,61,22.2,13.7,4.3,10.3,42.1,2.4,6.2,38.8,2.6,3,85.3,1.1,6.1,7.2,2.1,0.3,0.2,1.3,15.9
87,Jakob Poeltl,58,29.2,13.7,6.1,9.8,62.2,0,0,100,1.4,2.9,49.4,3.9,5.3,9.2,2.9,0.7,1.7,1.7,21.3
88,Mike Conley,61,28.2,13.5,4.6,10.8,42.7,2.3,5.7,40.7,1.9,2.3,83,0.6,2.4,3,5.3,1.3,0.3,1.7,15.2
89,Coby White,49,28.1,13.4,4.8,10.8,44.7,2.3,5.9,39.9,1.4,1.7,85.2,0.3,2.8,3.1,3,0.4,0.2,1.1,12.9
90,Derrick White,63,29.2,13.4,4.6,11.1,41.8,1.5,5.1,29.7,2.6,3.1,86,0.5,3,3.5,5,1,0.9,1.6,15.3
91,Chris Duarte,55,28,13.1,4.9,11.3,43.2,1.7,4.6,36.9,1.6,2,80.4,0.7,3.4,4.1,2.1,1,0.2,1.6,12
92,Monte Morris,64,30,13,5.2,10.6,48.9,1.7,4.3,38.9,0.9,1.1,84.5,0.3,2.6,3,4.3,0.7,0.2,1,14.5
93,Malik Monk,63,27.6,12.9,4.8,10.3,46.4,2.2,5.7,39.4,1.1,1.4,76.7,0.5,2.9,3.4,2.7,0.8,0.4,1.4,12.9
94,Cameron Johnson,60,26.3,12.8,4.4,9.2,47.5,2.7,5.9,44.8,1.5,1.7,87.3,0.6,3.5,4.1,1.5,0.8,0.2,0.6,13.9
95,Kyle Lowry,53,34.2,12.6,4.1,9.8,41.6,2,5.9,34.7,2.4,2.8,85.3,0.5,4.1,4.7,7.8,1.1,0.3,2.9,17.5
96,Devonte' Graham,65,29.8,12.5,4.1,11.4,36.2,2.7,7.9,34.4,1.6,1.9,83.1,0.5,2,2.5,4.4,1,0.2,1.5,11.5
97,Kentavious Caldwell-Pope,65,30,12.5,4.4,10.4,41.9,2.1,5.3,39.2,1.7,1.9,89.7,0.5,2.8,3.3,1.9,1.1,0.3,1.2,11.8
98,Josh Giddey,54,31.5,12.5,5.2,12.4,41.9,1,3.9,26.3,1,1.5,70.9,1.8,6,7.8,6.4,0.9,0.4,3.2,17.2
99,Patty Mills,69,30,12.4,4.4,10.5,41.8,3,7.3,41.4,0.6,0.8,81.1,0.2,1.7,2,2.4,0.7,0.2,0.9,10.6
100,Lonnie Walker IV,64,23.4,12.4,4.6,11.2,40.8,1.6,5.1,31.8,1.7,2.1,77.9,0.3,2.3,2.6,2.2,0.6,0.3,1,9.9
101,Jae'Sean Tate,65,26.9,12.3,4.8,9.5,50.8,0.8,2.7,30.1,1.8,2.6,70.7,1.7,3.8,5.5,3,0.9,0.6,1.9,15
102,Malik Beasley,70,25.2,12.3,4.3,11.1,39,3.1,8.3,37.5,0.5,0.7,77.1,0.3,2.6,2.9,1.4,0.5,0.1,0.6,9.8
103,Marcus Smart,60,32.8,12.2,4.2,10,42.2,1.6,4.8,33.3,2.2,2.7,80.2,0.6,3.3,3.9,5.7,1.7,0.3,2.1,15.4
104,Kevin Huerter,61,29.5,11.8,4.6,10.2,45.6,2,5.4,38.2,0.5,0.6,79.5,0.5,2.9,3.3,2.7,0.7,0.4,1.2,12
105,Devin Vassell,61,26.7,11.7,4.5,10.5,42.9,1.8,5.1,34.4,0.9,1.1,81.4,0.6,3.7,4.3,1.8,1,0.7,0.8,12.4
106,Luke Kennard,61,27.6,11.7,4,9,44.7,2.7,6,45.5,0.9,1,88.9,0.3,3.1,3.4,2.1,0.6,0.1,0.9,11.9
107,Nickeil Alexander-Walker,58,23.8,11.4,4.2,11.2,37.4,1.7,5.5,31.2,1.4,1.8,73.8,0.6,2.4,3,2.5,0.7,0.3,1.5,9.1
108,Doug McDermott,51,24,11.3,4.2,9.1,46.2,2.1,5,42.2,0.8,1,78.4,0.4,1.9,2.3,1.3,0.3,0.1,0.8,9.3
109,Gary Harris,59,28.6,11.3,4,9.1,43.9,1.9,4.9,39,1.4,1.6,87.1,0.6,1.4,2,1.8,0.9,0.2,1,9.9
110,Duncan Robinson,67,26.6,11.2,3.8,9.5,39.6,3,8.1,36.6,0.7,0.9,84.2,0.3,2.4,2.8,1.7,0.5,0.2,0.8,9.6
111,Grayson Allen,58,27.6,11.1,3.9,8.9,43.2,2.5,6.2,40.1,0.9,1.1,85.7,0.5,2.8,3.3,1.6,0.8,0.3,0.6,11.3
112,Cameron Payne,49,22.2,11.1,4.2,10.3,40.6,1.2,3.7,33.9,1.5,1.7,84.7,0.4,2.6,3,4.7,0.7,0.3,1.9,11.6
113,Cedi Osman,56,23,11,3.8,9.1,42.2,2,5.7,35.5,1.3,2,64.9,0.3,1.8,2.2,2.1,0.9,0.1,1,9.3
114,Hamidou Diallo,58,21.9,11,4.5,9.1,49.6,0.4,1.6,24.7,1.6,2.4,65,1.2,3.6,4.8,1.3,1.2,0.3,1,12.1
115,Alec Burks,68,27.6,11,3.3,8.7,37.8,1.7,4.5,38.4,2.6,3.2,82.1,0.6,4.2,4.8,2.8,1,0.3,1,12.9
116,Danilo Gallinari,57,24.3,10.9,3.5,8.3,42.3,1.6,4.2,38.7,2.2,2.5,90,0.5,4,4.5,1.4,0.5,0.2,0.6,11.9
117,Clint Capela,61,27.8,10.7,4.8,8.1,59.6,0,0,0,1.1,2.3,47.2,3.8,8.2,12,1.3,0.7,1.3,0.6,21
118,Garrison Mathews,52,26.9,10.7,3,7.4,40.8,2.3,6.2,36.4,2.4,3,80.1,0.5,2.6,3.1,1,0.8,0.3,0.7,10.2
119,Dorian Finney-Smith,67,33.2,10.7,4,8.6,46.1,2,5.3,38.6,0.8,1.1,67.5,1.6,3.3,4.9,1.9,1.1,0.5,1.1,13
120,Max Strus,57,23.1,10.7,3.7,8.3,44.2,2.6,6.5,41,0.7,0.9,77.6,0.4,2.7,3.1,1.3,0.4,0.2,0.8,10.1
121,Terance Mann,71,29,10.6,4.1,8.6,47.8,1,2.7,36.5,1.4,1.8,76.7,1.3,4.2,5.5,2.5,0.7,0.2,1,13.6
122,Darius Bazley,64,27.9,10.5,3.9,9.3,41.9,1.2,3.8,30.2,1.5,2.3,68.8,1.1,5.5,6.5,1.4,0.9,1.1,1.4,12.9
123,Justin Holiday,63,28.5,10.5,3.7,9.2,39.7,2.4,6.7,36.3,0.7,0.8,84.6,0.4,2.3,2.7,1.8,0.7,0.4,1,9.4
124,Brandon Clarke,55,19.4,10.4,4.5,6.9,65.3,0.1,0.4,20,1.4,2.1,65.8,2.1,3.4,5.5,1.3,0.6,1.1,0.5,15.3
125,Mo Bamba,60,25.9,10.3,4.1,8.5,47.9,1.4,3.7,36.3,0.8,1,81.7,2.1,5.9,8,1.1,0.6,1.7,1.1,15.9
126,Jeff Green,65,24.6,10.3,3.7,7.2,51.8,0.7,2.2,30.1,2.2,2.7,83.3,0.6,2.6,3.2,1.3,0.4,0.4,1,10.6
127,Ivica Zubac,66,24.6,10.3,4,6.3,63,0,0,0,2.3,3.1,73,2.8,5.7,8.5,1.5,0.5,1,1.6,17
128,Al Horford,60,29.1,10.2,3.9,8.5,45.4,1.3,4,31.7,1.2,1.5,84.1,1.6,6,7.6,3.3,0.7,1.3,1,17.2
129,Davion Mitchell,64,25.6,10.2,4.2,10.3,41,1.3,4.3,31.6,0.4,0.8,54.9,0.5,1.7,2.2,3.3,0.7,0.3,1.2,9.1
130,Cam Reddish,49,20.7,10.1,3.4,8.3,40.4,1.3,3.8,35.9,2.1,2.3,90.2,0.5,1.6,2.1,1,1,0.3,1.2,8.2
131,Immanuel Quickley,65,22,10.1,3.3,8.6,38.3,1.6,4.8,34.1,2,2.1,91.4,0.4,2.4,2.8,3.1,0.6,0,1.3,9.9
132,Terrence Ross,60,23.2,10.1,3.5,8.9,39.7,1.3,4.2,29.8,1.8,2.1,86.4,0.3,2.2,2.5,1.9,0.5,0.2,1.3,8.3
133,Trey Lyles,64,19.4,10.1,3.4,7.2,47.3,0.8,2.7,31.2,2.4,3.1,78.4,1.2,3.7,4.9,1.1,0.4,0.5,1,11.4
134,P.J. Washington,53,26.5,10.1,3.7,8.1,45.3,1.8,4.8,36.6,1,1.4,70.8,1.3,4.1,5.4,2.1,0.9,0.9,1.3,13.2
135,Pat Connaughton,54,27,10.1,3.6,7.7,46.7,2.3,5.7,40.7,0.6,0.7,81.1,0.7,3.7,4.4,1.2,0.9,0.3,0.6,12.1
136,Robert Williams III,57,30,10,4.4,6.1,72.9,0,0,0,1.1,1.6,71.9,4,5.8,9.7,2,0.9,2.2,1.1,21.7
137,Eric Bledsoe,54,25.2,9.9,3.6,8.7,42.1,0.9,3,31.3,1.6,2.2,76.1,0.5,2.9,3.4,4.2,1.3,0.4,2.1,11.4
138,De'Anthony Melton,61,22.5,9.9,3.6,9.3,38.5,1.6,4.7,33.7,1.1,1.6,72.6,0.9,3.5,4.4,2.7,1.6,0.6,1.5,11.6
139,Herbert Jones,66,30.1,9.7,3.6,7.4,48.7,0.7,2,34.6,1.8,2.1,85.3,1.3,2.6,3.9,2.2,1.5,0.8,1.3,12.6
140,Jae Crowder,59,28.3,9.6,3.3,8.2,40.6,1.9,5.4,34.6,1.1,1.4,79.8,0.5,4.8,5.3,1.8,1.4,0.4,0.8,12.5
141,Talen Horton-Tucker,51,25.7,9.6,3.6,8.8,41.4,0.8,3,27.1,1.5,1.9,77.6,0.7,2.6,3.3,2.7,0.9,0.5,1.5,10
142,Georges Niang,64,23.2,9.4,3.3,7.7,43.1,2,5.2,39.4,0.8,0.9,87.5,0.4,2.3,2.7,1.4,0.4,0.2,0.8,8.8
143,Caleb Martin,52,22.8,9.4,3.6,7,51.5,1,2.6,39.6,1.2,1.6,75.6,1.3,2.7,4,1.1,1,0.5,0.8,11.4
144,JaVale McGee,64,15.7,9.4,4,6.3,63.5,0,0.1,25,1.4,1.9,70.2,2.2,4.5,6.7,0.6,0.3,1.1,1.3,13.9
145,Josh Richardson,54,24.3,9.4,3.3,7.8,43,1.4,3.4,40.8,1.3,1.5,86.7,0.7,2.2,2.9,1.6,0.7,0.5,1,9.6
146,Jaden McDaniels,67,26.1,9.4,3.7,8.1,45.9,1.1,3.7,31.3,0.8,1,80,1.1,3.1,4.3,1.1,0.8,0.8,1.1,10.7
147,Tre Mann,55,22,9.4,3.5,9.1,38,1.4,4.1,34.5,1,1.3,77.8,0.4,2.2,2.6,1.5,0.8,0.2,1.1,7.5
148,Bryn Forbes,67,17.8,9.3,3.3,7.6,43.1,1.7,4.1,41.6,1.1,1.2,90,0.1,1.2,1.3,1,0.3,0.1,0.8,6.8
149,Bones Hyland,57,18.1,9.3,3.1,7.9,38.9,1.8,4.9,36.9,1.3,1.5,85.1,0.2,2.6,2.8,2.3,0.5,0.2,1.2,8.8
150,Isaac Okoro,54,29.4,9.2,3.2,6.8,47,0.8,2.5,33.1,2,2.5,79.4,1.1,2.1,3.2,1.8,0.8,0.3,1,10.2
151,Daniel Gafford,59,20.3,9.1,3.9,5.7,68.4,0,0,0,1.4,1.9,71.4,2.3,3.5,5.8,1,0.4,1.5,0.9,14.5
152,Chris Boucher,67,20.4,9.1,3.2,6.8,47.6,0.8,2.7,28.7,1.9,2.4,77,2.1,3.8,6,0.3,0.6,1,0.5,12.3
153,Cam Thomas,58,18.4,9.1,3.5,8.1,43.4,0.8,2.9,27.1,1.3,1.5,83.1,0.2,2.2,2.4,1.3,0.5,0.1,0.9,7.7
153,Jonathan Kuminga,58,16.4,9.1,3.3,6.4,50.9,0.7,2.2,33.3,1.8,2.5,69.9,0.7,2.5,3.2,0.8,0.4,0.3,1.1,8.9
155,Gabe Vincent,61,23.8,9,3.3,7.8,42,1.8,4.9,36.8,0.7,0.9,80.8,0.4,1.6,1.9,3.2,1,0.2,1.5,9.1
156,Alperen Sengun,61,19.4,9,3.2,6.9,47,0.4,1.4,25.3,2.1,3.1,68.6,1.8,3.3,5,2.4,0.9,0.9,2,11.6
157,Jaxson Hayes,57,18.5,8.9,3.4,5.2,64.9,0.2,0.6,32.4,2,2.6,76.2,1.4,2.8,4.2,0.6,0.4,0.8,0.8,11.7
158,Kenyon Martin Jr.,66,20.8,8.9,3.6,6.7,53,0.7,2,34.8,1,1.6,63.5,1,2.9,3.9,1.4,0.4,0.4,0.8,10.5
159,Amir Coffey,59,23.4,8.8,3,6.8,44.1,1.4,3.7,36.2,1.5,1.7,86.4,0.4,2.4,2.8,1.8,0.6,0.2,0.7,9.5
160,Ayo Dosunmu,64,27,8.6,3.5,6.6,52.7,0.9,2.4,39.7,0.7,1,67.2,0.3,2.5,2.8,3.3,0.8,0.4,1.4,11.1
161,Ben McLemore,50,18.6,8.6,2.8,7.6,37.6,2.1,6,35.2,0.8,1,81.6,0.2,1.3,1.5,0.9,0.4,0.1,0.8,5.8
162,Precious Achiuwa,60,23.2,8.5,3.4,7.9,43.4,0.6,1.6,36.1,1,1.8,59,2.1,4.7,6.8,1.1,0.5,0.6,1.2,11.2
163,Moritz Wagner,52,13.6,8.5,3,5.9,50.3,1,2.9,33.3,1.6,2,79.8,0.6,2.5,3.1,1.2,0.3,0.2,0.8,9.2
164,Nicolas Batum,51,25.1,8.4,3.1,6.8,45.4,1.9,4.8,39.1,0.4,0.6,62.5,0.5,3.9,4.4,1.7,1,0.7,0.6,11.6
165,Naz Reid,66,16,8.4,3,6.2,48.9,0.7,2.1,34.8,1.6,2,76.3,1.4,2.7,4,0.9,0.5,1,1.1,10.1
166,Chuma Okeke,59,24.2,8.4,3,7.9,38.1,1.5,4.9,31,0.8,0.9,85.5,0.7,4.1,4.7,1.7,1.4,0.6,0.7,11
167,Mitchell Robinson,63,25.1,8.3,3.6,4.7,77.1,0,0,0,1.2,2.4,48.7,3.9,4.8,8.7,0.5,0.7,1.8,0.8,16.9
168,Hassan Whiteside,57,18.2,8.3,3.4,5.2,64.9,0,0,0,1.6,2.5,62.2,2.5,5.3,7.8,0.4,0.4,1.5,0.9,14.6
169,Isaiah Stewart,59,25.8,8.3,3.6,7,51.3,0.1,0.4,15.4,1,1.5,68.5,3.2,5.3,8.5,1.1,0.3,1.1,1.2,14.2
170,Jaylen Nowell,52,15.4,8.3,3.2,6.5,48.5,0.9,2.4,37.9,1,1.4,76.1,0.4,1.7,2,2.2,0.5,0.1,0.6,8.8
171,Furkan Korkmaz,57,22.8,8.2,2.9,7.6,38.9,1.2,4.3,29.1,1.1,1.3,81.6,0.3,2.5,2.9,2.1,0.5,0.1,0.8,8.2
172,Tyus Jones,63,20.3,8.2,3.3,7.3,45.1,1,2.7,36.5,0.7,0.8,83,0.2,2.2,2.4,4.2,0.9,0,0.6,11
173,Reggie Bullock,57,26.8,8.2,2.8,7.2,39.5,1.9,5.5,34.5,0.6,0.8,81.8,0.4,3,3.4,1.1,0.6,0.2,0.6,8.5
174,Otto Porter Jr.,55,21.5,8.1,3,6.5,46.2,1.3,3.6,37.2,0.7,0.9,78,1.1,4.1,5.3,1.5,1.2,0.5,0.5,12.2
175,Cody Martin,59,26.7,8.1,2.9,6.3,46.9,0.9,2.4,40.3,1.2,1.7,69.9,1.1,2.8,4,2.4,1.3,0.5,0.9,11.4
175,Cory Joseph,59,24.8,8.1,2.8,6.2,44.8,1,2.4,42.3,1.5,1.7,87.1,0.5,2.2,2.6,3.8,0.6,0.3,1.4,10.4
177,P.J. Tucker,62,28.2,8,3.1,6.3,49,1.2,2.9,43,0.6,0.9,71.4,1.5,4,5.5,2.1,0.8,0.2,1,12.1
178,Dwight Powell,69,21.2,8,3,4.6,65.3,0.2,0.5,37.1,1.8,2.3,76.5,2.1,2.5,4.7,1.1,0.5,0.4,0.8,11.8
179,Raul Neto,59,20.7,7.9,3.1,6.7,45.7,0.5,1.8,28,1.2,1.6,75.3,0.2,1.8,2.1,3.2,0.8,0,1.1,8.8
180,Bruce Brown,61,23.2,7.9,3.2,6.5,49.1,0.4,1.1,35.3,1.1,1.4,75,1.4,3.3,4.6,1.8,1.1,0.5,0.7,11.5
181,Royce O'Neale,65,31.4,7.8,2.8,5.7,49.2,1.6,3.8,41.6,0.6,0.8,80,0.8,4.1,5,2.6,1.2,0.4,1,13
182,Isaiah Hartenstein,58,16.9,7.8,3.3,5.1,63.8,0.1,0.2,38.5,1.2,1.8,64.2,1.6,2.9,4.5,2,0.7,1.1,1.2,12.4
183,Oshae Brissett,57,21.7,7.8,2.6,6.6,39.8,1,3.1,33.7,1.4,2.1,66.4,1.5,3.4,5,0.8,0.6,0.5,0.7,9.2
184,Jordan Nwora,54,19.2,7.7,3,7.4,40.8,1.3,3.8,35,0.4,0.5,80.8,0.6,3,3.6,1,0.5,0.3,0.9,7.6
185,Ziaire Williams,50,21.6,7.7,3,6.6,45.6,1.2,3.8,31.7,0.5,0.6,78.1,0.4,1.6,2,0.9,0.5,0.2,0.6,7
186,Robert Covington,61,27.9,7.7,2.7,6.8,39.7,1.6,4.6,34.5,0.7,0.9,83,0.9,4.7,5.6,1.3,1.5,1.3,1.1,12.1
186,Robert Covington,61,27.9,7.7,2.7,6.8,39.7,1.6,4.6,34.5,0.7,0.9,83,0.9,4.7,5.6,1.3,1.5,1.3,1.1,12.1
187,Landry Shamet,57,20.4,7.6,2.5,6.6,37.2,1.7,4.6,36.3,1.1,1.3,84.7,0.2,1.6,1.8,1.6,0.4,0.1,0.6,6.8
188,Deni Avdija,68,23.3,7.6,2.8,6.3,43.7,0.9,2.7,31.2,1.2,1.6,76.1,0.6,4.4,5,1.7,0.8,0.5,0.9,10.8
189,Josh Christopher,61,17.2,7.5,2.9,6.5,44.6,0.8,2.5,30.5,1,1.2,76.3,0.7,1.7,2.3,1.8,0.8,0.1,1.4,7.3
190,Grant Williams,65,23.7,7.5,2.6,5.3,48.4,1.4,3.4,42.5,0.9,1,92.4,0.8,2.6,3.4,1,0.5,0.7,0.8,9.6
191,Damion Lee,54,19.8,7.5,2.8,6.1,44.9,1.1,3.1,35.1,0.9,1,85.5,0.4,2.7,3.1,0.9,0.7,0.1,0.6,8.2
192,Javonte Green,52,24.2,7.5,2.8,5.2,54.1,0.6,1.6,37.8,1.3,1.6,84,1.5,2.8,4.3,1,1,0.5,0.5,11.1
193,Corey Kispert,63,21.5,7.4,2.7,6.2,44.5,1.3,3.7,34.2,0.7,0.8,83.7,0.7,1.9,2.7,1,0.3,0.3,0.6,7.5
194,Kenrich Williams,49,21.9,7.4,3,6.5,46.1,0.8,2.5,33.9,0.6,1.1,54.5,1.5,3,4.5,2.2,0.9,0.2,0.9,10.3
195,Kyle Anderson,57,21.4,7.2,2.9,6.7,43.5,0.5,1.6,31.1,0.9,1.5,60,1,4.4,5.5,2.6,1.1,0.6,1,11.7
196,Steven Adams,66,26.4,7.2,2.9,5.2,55.7,0,0,0,1.5,2.7,54.7,4.7,5.2,9.9,3.3,0.8,0.8,1.6,16.9
197,Obi Toppin,59,14.9,7.2,2.8,5.5,51.2,0.4,1.8,23.8,1.2,1.6,73.9,0.9,2.6,3.5,0.9,0.3,0.4,0.7,8.4
198,R.J. Hampton,53,20.6,7.2,2.5,6.7,38,1,2.7,35.9,1.2,1.9,61,0.3,2.6,2.8,2.3,0.6,0.2,1.3,7.1
199,Maxi Kleber,50,25,7.2,2.4,6.1,40.3,1.5,4.3,34.1,0.8,1.1,71.9,1.2,4.7,5.9,1.2,0.5,1.1,0.7,11.2
200,Andre Drummond,62,19,7.1,3,5.4,56.3,0,0,0,1.1,2.1,50.4,2.9,6.1,9,1.9,1,0.9,1.6,15
,,,,,,,,,,,,,,,,,,,,,
201,Gary Payton II,60,17.1,7.1,3,4.8,61.2,0.7,1.8,36.4,0.5,0.9,57.4,1,2.5,3.4,0.8,1.4,0.3,0.5,10.2
202,Jarred Vanderbilt,63,25.8,6.9,2.9,4.9,58.6,0,0.2,16.7,1.1,1.7,64.8,3,5.7,8.7,1.4,1.4,0.7,1,15.5
203,Aleksej Pokusevski,53,18.3,6.9,2.8,6.7,41.5,0.8,2.8,28.2,0.5,0.7,68.4,1.2,3.6,4.8,1.5,0.6,0.6,1.3,8.9
204,Taurean Prince,59,16.5,6.8,2.4,5.3,45.5,1.2,3.2,37.6,0.8,1.1,74.6,0.3,2.1,2.4,0.9,0.7,0.3,0.8,7.2
205,JaMychal Green,57,16.2,6.7,2.5,5.1,48.3,0.5,2,26.5,1.3,1.4,88.9,1.2,3.1,4.3,0.8,0.7,0.4,0.9,9.2
206,Austin Reaves,50,22.4,6.6,2.3,4.8,47.9,0.8,2.6,31.8,1.2,1.5,83.8,0.5,2.2,2.7,1.3,0.4,0.4,0.6,8.1
207,Mason Plumlee,61,25.2,6.6,2.9,4.5,64.1,0,0,0,0.9,2.4,37,2.5,5.6,8.1,3.2,0.9,0.7,1.3,15.1
208,Lou Williams,49,14.4,6.5,2.3,5.8,40.2,0.7,1.9,34.7,1.1,1.3,87.5,0.3,1.2,1.5,1.9,0.5,0.1,0.7,6.1
209,Torrey Craig,66,20.3,6.5,2.5,5.6,44.7,0.9,2.9,31.6,0.6,0.8,74,1.1,2.9,4,1.2,0.5,0.5,0.8,8.5
210,Aaron Holiday,55,16.6,6.4,2.5,5.3,46.6,0.6,1.6,38.6,0.8,1,85.2,0.3,1.5,1.9,2.4,0.7,0.2,1,7.5
211,Blake Griffin,53,17.4,6.4,2.4,5.7,41.9,0.6,2.6,24.8,1,1.4,71.6,1.1,3,4.1,1.9,0.5,0.2,0.5,9
212,Avery Bradley,55,22.9,6.4,2.4,5.9,41.2,1.3,3.5,38,0.3,0.3,87.5,0.5,1.7,2.3,0.8,0.9,0.2,0.6,6.4
213,Kevon Looney,70,21.7,6.4,2.7,4.7,56.6,0,0,0,1,1.6,60.9,2.7,4.9,7.6,2,0.7,0.7,0.9,13.8
214,Austin Rivers,55,21.9,6.3,2.3,5.5,41.9,1.2,3.6,34.2,0.5,0.7,71.1,0.3,1.4,1.7,1.3,0.8,0.1,0.8,6
215,Dewayne Dedmon,60,16,6.2,2.4,4.3,56.2,0.3,0.6,45.7,1.1,1.3,79.7,1.7,4.2,5.9,0.8,0.4,0.6,1,10.6
216,James Johnson,54,19.7,6.1,2.6,5.4,47.4,0.4,1.5,28,0.5,1,52.8,0.9,2.6,3.5,2.2,0.5,0.5,0.8,8.6
217,Killian Hayes,55,24.3,6,2.3,6.3,35.9,0.6,2.4,26,0.8,1.1,76.7,0.5,2.5,3,4.3,1,0.5,1.7,8.8
218,Danny Green,48,22.1,6,2.1,5.3,39,1.6,4.4,37.3,0.2,0.2,90,0.5,1.9,2.4,1,1,0.6,0.8,7
219,Nemanja Bjelica,61,15.6,5.9,2.2,4.8,45.4,0.7,2.1,33.8,0.8,1.1,69.1,0.8,3.1,3.9,2,0.6,0.3,1.1,8.6
220,Ish Smith,51,16,5.7,2.5,5.9,42.7,0.4,0.9,42.2,0.3,0.5,62.5,0.4,1.6,2,3.3,0.6,0.3,1.1,7.4
221,Omer Yurtseven,49,12.8,5.7,2.5,4.5,54.5,0,0.1,14.3,0.7,1.2,63.2,1.5,3.9,5.4,0.9,0.3,0.4,0.8,9.5
222,Matisse Thybulle,53,25.9,5.7,2.3,4.7,48.2,0.7,2.3,29,0.4,0.6,74.2,0.6,1.8,2.4,1.1,1.7,1.1,0.7,8.7
223,Drew Eubanks,58,14.4,5.5,2.2,3.9,55.3,0,0.2,10,1.2,1.6,75.6,1.5,3.2,4.7,1.1,0.3,0.6,1,9
224,Eric Paschall,50,12.7,5.5,1.8,3.7,48.1,0.7,1.9,37.9,1.1,1.5,77,0.5,1.4,1.9,0.6,0.1,0.1,0.5,5.4
225,Garrett Temple,56,18.9,5.4,1.9,5,38.3,1,3.1,32,0.5,0.7,68.3,0.5,2,2.5,1.3,0.8,0.4,0.7,6.3
226,Keita Bates-Diop,51,16.1,5.3,2.2,4.2,50.9,0.3,1,34.7,0.7,0.9,70.8,1,2.9,3.9,0.7,0.5,0.3,0.7,7.6
227,Facundo Campazzo,62,18.8,5.3,1.7,4.7,36.6,0.9,3,30.3,1,1.3,76.9,0.4,1.5,1.9,3.5,1,0.4,1,7.7
228,Dean Wade,51,19.2,5.3,1.9,4.3,45.6,1,2.8,35.9,0.4,0.6,66.7,0.6,2.3,2.9,1,0.6,0.1,0.3,7.1
229,Payton Pritchard,59,12.9,5.2,1.9,4.8,39.6,1.1,3,36.9,0.3,0.3,100,0.4,1.3,1.6,1.7,0.2,0.1,0.6,5.3
230,Dwight Howard,49,14.8,5.2,1.9,3.1,60.1,0.1,0.2,66.7,1.3,2,63.6,2,3.6,5.6,0.6,0.6,0.6,0.8,9.8
231,Tre Jones,57,15,5.1,2.1,4.3,49,0.1,0.5,10.3,0.8,1.1,77.4,0.4,1.6,2,2.9,0.5,0.1,0.6,7.6
232,DeAndre' Bembry,56,18.3,5.1,2.2,3.9,56.1,0.3,0.6,41.7,0.4,0.6,60,0.8,2.2,2.9,1.2,0.9,0.4,0.6,7.9
233,Lamar Stevens,50,14.2,4.9,2,4.3,46.8,0.3,1,28.6,0.6,0.9,65.2,0.6,1.6,2.2,0.6,0.4,0.3,0.6,5.3
234,Svi Mykhailiuk,51,13.6,4.8,1.7,4.4,39.3,0.7,2.5,30.2,0.6,0.7,85.3,0.4,1.4,1.8,0.8,0.5,0.1,0.5,4.6
235,Josh Green,54,15.2,4.6,1.9,3.7,50.5,0.4,1,34.5,0.5,0.7,70,0.8,1.6,2.4,1.2,0.7,0.2,0.6,6.5
236,John Konchar,60,18.2,4.6,1.8,3.5,50,0.7,1.8,40,0.4,0.7,59,1.2,3.4,4.5,1.4,0.6,0.3,0.4,9.1
237,Trey Murphy III,49,12.8,4.6,1.5,3.9,38,1,2.7,36.6,0.6,0.7,82.9,0.7,1.5,2.2,0.6,0.3,0.1,0.2,5.1
238,Troy Brown Jr.,57,16.8,4.3,1.6,4,41.2,0.7,2,34.8,0.3,0.4,76,0.6,2.5,3.2,1,0.5,0.1,0.4,6.3
239,Juan Toscano-Anderson,67,13.9,4.2,1.6,3.3,48.7,0.4,1.3,31,0.6,1,57.1,0.4,2.1,2.5,1.8,0.7,0.2,0.9,6.3
240,Delon Wright,64,18,4.2,1.5,3.4,43.8,0.5,1.4,34.8,0.7,0.8,84.9,0.6,2.2,2.8,2.3,1,0.2,0.6,7.9
241,Frank Ntilikina,49,12.2,4.1,1.5,3.9,37.5,0.7,2,34,0.5,0.5,95.8,0.2,1.2,1.3,1.1,0.5,0.1,0.5,4.2
242,Jevon Carter,56,13.1,3.9,1.3,3.7,35.4,1,2.7,37.3,0.2,0.3,81.3,0.2,1.3,1.5,1.1,0.3,0.2,0.5,4.1
243,Isaiah Joe,48,11.6,3.6,1.1,3.3,35,0.8,2.5,33.1,0.5,0.5,92.3,0.1,0.9,1,0.7,0.3,0.1,0.3,3.1
244,Tony Snell,49,15.8,3.4,1.2,3.1,39.2,0.9,2.4,35.3,0.1,0.1,100,0.3,1.7,2,0.5,0.3,0.2,0.4,4.1
245,Dalano Banton,58,11.5,3.4,1.4,3.4,40.3,0.2,0.9,26,0.4,0.7,61.5,0.6,1.4,2,1.6,0.5,0.2,0.9,4.4
246,Trent Forrest,54,12.6,3.2,1.2,2.5,50.4,0.1,0.4,20.8,0.7,0.8,83.7,0.3,1.3,1.6,1.7,0.5,0.1,0.9,5
247,Jordan McLaughlin,51,13.7,3.1,1.2,3.1,38.5,0.3,1.2,23,0.5,0.7,74.3,0.3,1.2,1.5,2.9,0.9,0.1,0.6,5.9
